<?xml version="1.0" encoding="UTF-8"?>
<project-private xmlns="http://www.netbeans.org/ns/project-private/1">
    <editor-bookmarks xmlns="http://www.netbeans.org/ns/editor-bookmarks/2" lastBookmarkId="0"/>
    <open-files xmlns="http://www.netbeans.org/ns/projectui-open-files/2">
        <group>
            <file>file:/C:/Users/admin/Documents/NetBeansProjects/NapsterNew/src/IndexingServer/NapsterIndexServerDriver.java</file>
            <file>file:/C:/Users/admin/Documents/NetBeansProjects/NapsterNew/src/NapsterPeer/NapsterClientInterface.java</file>
            <file>file:/C:/Users/admin/Documents/NetBeansProjects/NapsterNew/src/NapsterPeer/NapsterClientServer.java</file>
            <file>file:/C:/Users/admin/Documents/NetBeansProjects/NapsterNew/src/NapsterPeer/NapsterClientServerIF.java</file>
            <file>file:/C:/Users/admin/Documents/NetBeansProjects/NapsterNew/src/NapsterPeer/NapsterDirectoryLis.java</file>
            <file>file:/C:/Users/admin/Documents/NetBeansProjects/NapsterNew/src/IndexingServer/NapsterIndexServer.java</file>
            <file>file:/C:/Users/admin/Documents/NetBeansProjects/NapsterNew/src/IndexingServer/NapsterIndexServerIF.java</file>
            <file>file:/C:/Users/admin/Documents/NetBeansProjects/NapsterNew/src/NapsterPeer/NapsterClient.java</file>
            <file>file:/C:/Users/admin/Documents/NetBeansProjects/NapsterNew/src/NapsterPeer/NapsterClientDriver.java</file>
        </group>
    </open-files>
</project-private>
